Codigo,Tipo error,Descripcion,I.Industrial,I.La Serena,I.Matriz,I.Bodega
00003465,Empieza con letra,C 31,,,,
00003466,Empieza con letra,C 31/1,,,,
00003467,Empieza con letra,C 32,,,,
00003468,Empieza con letra,C 33,,,,
00003469,Empieza con letra,C 34,,,,
00003470,Empieza con letra,C 35,,,,
00003471,Empieza con letra,C 37,,,,
00003472,Empieza con letra,C 41,,,,
00003473,Empieza con letra,C 41/3,,,,
00003474,Empieza con letra,C 42/1,,,,
00003475,Empieza con letra,C 42/2,,,,
00003476,Empieza con letra,C 43,,,,
00003477,Empieza con letra,C 44/2,,,N,
00003478,Empieza con letra,C 46,,,,
00003479,Empieza con letra,C 48,,,,
00003480,Empieza con letra,C 52,,,,
00003481,Empieza con letra,C 52/1,,,N,
00003482,Empieza con letra,C 53,,,,
00003483,Empieza con letra,C 54,,,,
00003484,Empieza con letra,C 55,,,,
00003485,Empieza con letra,C 63,,,,
00003486,Empieza con letra,C 64/1,,,,
00003487,Empieza con letra,C 65/10,,,N,
00003488,Empieza con letra,C 66,,,,
00003489,Empieza con letra,C 66/1,,,,
00003490,Empieza con letra,C 69/1,,,N,
00003491,Empieza con letra,C 72,,,,
00003492,Empieza con letra,C 72/1,,,,
00003493,Empieza con letra,C 73,,,,
00003494,Empieza con letra,C 74,,,,
00003495,Empieza con letra,C 75,,,,
00003497,Empieza con letra,C 75/3,,,,
00003498,Empieza con letra,C 76/1,,,,
00003499,Empieza con letra,C 76/10,,,,
00003500,Empieza con letra,C 76/15,,,N,
00003501,Empieza con letra,C 76/20,,,,
00003502,Empieza con letra,C 76/30,,,,
00003503,Empieza con letra,C 77,,,,
00003504,Empieza con letra,C 77/2,,,,
00003505,Empieza con letra,C 78,,,,
00003506,Empieza con letra,C 78/10,,,,
00003507,Empieza con letra,C 79/1,,,,
00003508,Empieza con letra,C 87,,,,
00003509,Empieza con letra,C 93,,,,
00003510,Empieza con letra,C 96,,,,
00003511,Empieza con letra,C 97,,,,
00003512,Empieza con letra,C 114,,,,
00003513,Empieza con letra,C 116,,,,
00003514,Empieza con letra,C 117,,,,
00003515,Empieza con letra,C 119,,,N,
00003516,Empieza con letra,C 124,,,,
00003517,Empieza con letra,C 131,,,,
00003518,Empieza con letra,C 149,,,,
00003519,Empieza con letra,C 402,,,,
00003520,Empieza con letra,C 408,,,,
00003521,Empieza con letra,C 411,,,,
00003522,Empieza con letra,C 502,,,,
00003523,Empieza con letra,C 503,,,,
00003524,Empieza con letra,C 505,,,,
00003525,Empieza con letra,C 602,,,,
00003526,Empieza con letra,C 603,,,,
00003527,Empieza con letra,C 609,,,,
00003528,Empieza con letra,C 610/2,,,,
00003529,Empieza con letra,C 642,,,,
00003530,Empieza con letra,C 704,,,,
00003532,Empieza con letra,C 711,,,,
00003533,Empieza con letra,C 711/1,,,,
00003534,Empieza con letra,C 712/10,,,,
00003535,Empieza con letra,C 713,,,,
00003536,Empieza con letra,C 713/10,,,,
00003537,Empieza con letra,C 718,,,N,
00003538,Empieza con letra,C 722,,,,
00003540,Empieza con letra,C 737,,,,
00003541,Empieza con letra,C 744,,,,
00003543,Empieza con letra,C 803,,,,
00003544,Empieza con letra,C 805,,,,
00003545,Empieza con letra,C 808,,,,
00003546,Empieza con letra,C 809,,,,
00003547,Empieza con letra,C 810x,,,,
00003548,Empieza con letra,C 811,,,N,
00003549,Empieza con letra,C 812,,,,
00003550,Empieza con letra,C 812/10,,,,
00003551,Empieza con letra,C 814/10,,,,
00003552,Empieza con letra,C 816/1,N,,,
00003553,Empieza con letra,C 822,,,,
00003556,Empieza con letra,C 829,,,,
00003559,Empieza con letra,C 845,,,,
00003560,Empieza con letra,C 903,,,N,
00003561,Empieza con letra,C 904,,,,
00003562,Empieza con letra,C 905,,,,
00003563,Empieza con letra,C 906,,,N,S
00003564,Empieza con letra,C 907,,,,
00003565,Empieza con letra,C 911,,,N,
00003566,Empieza con letra,C 911X-2,,,,
00003567,Empieza con letra,C 912,,,,
00003568,Empieza con letra,C 914,,,,
00003569,Empieza con letra,C 915,,,,
00003570,Empieza con letra,C 919,,,N,
00003571,Empieza con letra,C 920,,,,
00003572,Empieza con letra,C 930,,,,
00003573,Empieza con letra,C 939,,S,,
00003575,Empieza con letra,C 940,,,,
00003576,Empieza con letra,C 941,,,N,
00003578,Empieza con letra,C 944,,,,
00003581,Empieza con letra,C 957,,,,
00003582,Empieza con letra,C 1010,,,,
00003583,Empieza con letra,C 1017,,,,
00003584,Empieza con letra,C 1022,,,,
00003585,Empieza con letra,C 1024,,,,
00003586,Empieza con letra,C 1038,,,,
00003588,Empieza con letra,C 1038/10,,,,
00003589,Empieza con letra,C 1040,,,,
00003591,Empieza con letra,C 1043/1,,,,
00003592,Empieza con letra,C 1045,,N,N,
00003593,Empieza con letra,C 1045,,,,
00003594,Empieza con letra,C 1049,,,,
00003595,Empieza con letra,C 1051,,,,
00003596,Empieza con letra,C 1077,,,,S
00003598,Empieza con letra,C 1090,,,,
00003599,Empieza con letra,C 1090,,,N,
00003600,Empieza con letra,C 1104,,,,
00003601,Empieza con letra,C 1105,,,,
00003602,Empieza con letra,C 1108,,,,
00003603,Empieza con letra,C 1108/1,,,,
00003604,Empieza con letra,C 1109,,,N,S
00003605,Empieza con letra,C 1110,,,S,
00003606,Empieza con letra,C 1111/1,,,,
00003608,Empieza con letra,C 1112/2,,,,
00003610,Empieza con letra,C 1114,,,,
00003611,Empieza con letra,C 1115,,,,
00003612,Empieza con letra,C 1116,,,,
00003613,Empieza con letra,C 1117,,,,
00003614,Empieza con letra,C 1118,,,,
00003615,Empieza con letra,C 1118/5,,,,
00003616,Empieza con letra,C 1119,,,,
00003617,Empieza con letra,C 1120,,,,
00003618,Empieza con letra,C 1120/5,,,,
00003619,Empieza con letra,C 1121,,N,N,
00003620,Empieza con letra,C 1123,,,,
00003621,Empieza con letra,C 1124,,,,
00003623,Empieza con letra,C 1125,,S,N,
00003624,Empieza con letra,C 1126,,,,
00003625,Empieza con letra,C 1127,,,N,
00003626,Empieza con letra,C 1128,,,,
00003627,Empieza con letra,C 1129,,,,
00003628,Empieza con letra,C 1131,,,,
00003629,Empieza con letra,C 1131/10,,,,
00003630,Empieza con letra,C 1132/10,,,,
00003631,Empieza con letra,C 1133,,,,
00003632,Empieza con letra,C 1134,,,,
00003633,Empieza con letra,C 1135,,,N,
00003634,Empieza con letra,C 1138,,,,S
00003637,Empieza con letra,C 1150,,,,S
00003638,Empieza con letra,C 1157/2,,,N,S
00003644,Empieza con letra,C 1175,,,,
00003646,Empieza con letra,C 1176,,,,
00003649,Empieza con letra,C 1185,,,,
00003650,Empieza con letra,C 1186,,,,
00003653,Empieza con letra,C 1195,,,,
00003654,Empieza con letra,C 1198,,,,
00003655,Empieza con letra,C 1205,,N,,
00003656,Empieza con letra,C 1206,,,,
00003657,Empieza con letra,C 1207,,,,
00003658,Empieza con letra,C 1212,,,,
00003659,Empieza con letra,C 1213,,,,
00003661,Empieza con letra,C 1243,,N,,
00003662,Empieza con letra,C 1249,,,,
00003663,Empieza con letra,C 1254,,N,N,
00003664,Empieza con letra,C 1261,,,,
00003667,Empieza con letra,C 1263,,,,
00003668,Empieza con letra,C 1270,,,,
00003671,Empieza con letra,C 1277,,,,
00003676,Empieza con letra,C 1296,,,,
00003678,Empieza con letra,C 1311,,,,
00003679,Empieza con letra,C 1312,,,,
00003681,Empieza con letra,C 1316,,,,
00003682,Empieza con letra,C 1323,,,N,
00003683,Empieza con letra,C 1327,,,,
00003684,Empieza con letra,C 1327/1,,,,
00003685,Empieza con letra,C 1337,,,,
00003686,Empieza con letra,C 1338,,,,
00003687,Empieza con letra,C 1338/1,,,,
00003688,Empieza con letra,C 1340,,,N,
00003689,Empieza con letra,C 1344,,,,
00003691,Empieza con letra,C 1368,,,,
00003692,Empieza con letra,C 1370,,N,,
00003693,Empieza con letra,C 1370/1,,,,
00003694,Empieza con letra,C 1371,,,N,S
00003698,Empieza con letra,C 1381,,,,
00003699,Empieza con letra,C 1383,,,,
00003701,Empieza con letra,C 1394/1,,,,
00003702,Empieza con letra,C 1397,,,,
00003704,Empieza con letra,C 1411,,,,
00003705,Empieza con letra,C 1413,,,N,
00003707,Empieza con letra,C 1417,,,N,
00003712,Empieza con letra,C 1434,,,,
00003714,Empieza con letra,C 1441,,,N,
00003715,Empieza con letra,C 1448,,,,
00003716,Empieza con letra,C 1449,,,,
00003717,Empieza con letra,C 1450,,,,
00003718,Empieza con letra,C 1451,,,,
00003720,Empieza con letra,C 1465,,,,
00003723,Empieza con letra,C 1469,,,,
00003725,Empieza con letra,C 1472,,,N,
00003726,Empieza con letra,C 1478/10,,,,
00003727,Empieza con letra,C 1489,,,N,
00003729,Empieza con letra,C 1511,,,,
00003730,Empieza con letra,C 1513,,,,
00003731,Empieza con letra,C 1517,,,N,
00003732,Empieza con letra,C 1519,,,N,
00003733,Empieza con letra,C 1519/1,,,,
00003734,Empieza con letra,C 1520,,S,,
00003735,Empieza con letra,C 1521,,,,
00003737,Empieza con letra,C 1523,,,,
00003738,Empieza con letra,C 1528/5,,,,
00003739,Empieza con letra,C 1529/1,,,,
00003740,Empieza con letra,C 1534,,,,
00003741,Empieza con letra,C 1535/1,,,N,
00003742,Empieza con letra,C 1540,,,N,
00003743,Empieza con letra,C 1544,,,,
00003744,Empieza con letra,C 1552,,,,
00003745,Empieza con letra,C 1555/1,,,,
00003746,Empieza con letra,C 1555/4,,,,
00003747,Empieza con letra,C 1557,,,,
00003749,Empieza con letra,C 1567,,,,
00003751,Empieza con letra,C 1572,,,,
00003752,Empieza con letra,C 1574,,,,
00003753,Empieza con letra,C 1577/1,,,,
00003754,Empieza con letra,C 1587,,,,
00003756,Empieza con letra,C 1589/1,,,,
00003759,Empieza con letra,C 1594,,,,S
00003762,Empieza con letra,C 1596/10,,,,
00003763,Empieza con letra,C 1598,,,,
00003764,Empieza con letra,C 1610,,,,
00003766,Empieza con letra,C 1620,,,,
00003767,Empieza con letra,C 1632,,,,
00003769,Empieza con letra,C 1639,,,,
00003770,Empieza con letra,C 1640,,,,
00003771,Empieza con letra,C 1642/5,,,,
00003772,Empieza con letra,C 1647,,,,
00003773,Empieza con letra,C 1649,,,,
00003775,Empieza con letra,C 1682,,,,
00003777,Empieza con letra,C 1685,,,,
00003778,Empieza con letra,C 1720,,,,
00003780,Empieza con letra,C 1725,,,N,S
00003781,Empieza con letra,C 1732,,,,
00003783,Empieza con letra,C 1735,,,,
00003784,Empieza con letra,C 1737,,,,
00003785,Empieza con letra,C 1741,,,N,
00003786,Empieza con letra,C 1747,,,,
00003787,Empieza con letra,C 1750,,,,
00003788,Empieza con letra,C 1751,,,N,
00003790,Empieza con letra,C 1752,,,,
00003791,Empieza con letra,C 1753,,,N,
00003794,Empieza con letra,C 1767,,,,
00003796,Empieza con letra,C 1773,,,,
00003799,Empieza con letra,C 1775,,,,
00003800,Empieza con letra,C 1791,,,,
00003801,Empieza con letra,C 1796,,,,
00003802,Empieza con letra,C 1814,,,,
00003803,Empieza con letra,C 1817,,,,
00003804,Empieza con letra,C 1819,,,,
00003805,Empieza con letra,C 1820,,,,
00003806,Empieza con letra,C 1821,,,,
00003807,Empieza con letra,C 1822,,,,
00003809,Empieza con letra,C 1824,,,N,
00003812,Empieza con letra,C 1830,,,,
00003814,Empieza con letra,C 1834,,N,N,S
00003815,Empieza con letra,C 1839,,,,
00003816,Empieza con letra,C 1842,,,,
00003817,Empieza con letra,C 1847,,,,
00003819,Empieza con letra,C 1863,,,,
00003820,Empieza con letra,C 1870,,,,
00003822,Empieza con letra,C 1892,,,,
00003823,Empieza con letra,C 1901,,,,
00003824,Empieza con letra,C 1908,,,,
00003825,Empieza con letra,C 1917,,,,
00003826,Empieza con letra,C 1921,,N,,
00003827,Empieza con letra,C 1922,,,,
00003829,Empieza con letra,C 1925,,,N,
00003831,Empieza con letra,C 1930,,,N,S
00003832,Empieza con letra,C 1931,,,,
00003833,Empieza con letra,C 1932,,,,
00003835,Empieza con letra,C 1935,,,,
00003837,Empieza con letra,C 1940,,,,S
00003838,Empieza con letra,C 1940/1,,,,
00003840,Empieza con letra,C 1948,,,,
00003841,Empieza con letra,C 1948/1,,,,
00003842,Empieza con letra,C 1951,,,N,
00003843,Empieza con letra,C 1972,,S,N,S
00003844,Empieza con letra,C 1978,,,,
00003846,Empieza con letra,C 1984,,,,
00003847,Empieza con letra,C 1985,,,,
00003848,Empieza con letra,C 1989/1,,,,
00003851,Empieza con letra,C 2028,,,,
00003852,Empieza con letra,C 2029,,,,
00003853,Empieza con letra,C 2033,,N,N,
00003854,Empieza con letra,C 2039,,N,N,S
00003855,Empieza con letra,C 2040/1,,,,
00003858,Empieza con letra,C 2064,,,N,S
00003859,Empieza con letra,C 2065,,,N,
00003860,Empieza con letra,C 2066,,,,
00003861,Empieza con letra,C 2067,,,,
00003862,Empieza con letra,C 2070,,,,
00003863,Empieza con letra,C 2073,,,,
00003865,Empieza con letra,C 2075,,,,
00003866,Empieza con letra,C 2078,,,,
00003869,Empieza con letra,C 2088,,,,
00003870,Empieza con letra,C 2093/1,,,,
00003871,Empieza con letra,C 2095,,,,
00003877,Empieza con letra,C 2127,,,,S
00003883,Empieza con letra,C 2140/1,,,,
00003884,Empieza con letra,C 2144,,,,
00003886,Empieza con letra,C 2151,,,,
00003887,Empieza con letra,C 2154,,,N,
00003889,Empieza con letra,C 2160,,,,
00003890,Empieza con letra,C 2180,,,,
00003892,Empieza con letra,C 2195,,,,
00003900,Empieza con letra,C 2227,,,N,
00003902,Empieza con letra,C 2231,,,N,S
00003903,Empieza con letra,C 2233,,,,
00003905,Empieza con letra,C 2239,,,,S
00003906,Empieza con letra,C 2243,,,N,
00003907,Empieza con letra,C 2248,,,,
00003910,Empieza con letra,C 2269,,,,
00003911,Empieza con letra,C 2269x,,,,
00003912,Empieza con letra,C 2290,,,,
00003922,Empieza con letra,C 2339/1,,,,
00003927,Empieza con letra,C 2351,,,,
00003929,Empieza con letra,C 2354,,,N,
00003930,Empieza con letra,C 2365,,,,
00003932,Empieza con letra,C 2373,,,,
00003934,Empieza con letra,C 2375,,,,
00003935,Empieza con letra,C 2379,,,,
00003951,Empieza con letra,C 2446,N,,N,S
00003952,Empieza con letra,C 2446/1,,,,S
00003954,Empieza con letra,C 2452/1,,S,,
00003955,Empieza con letra,C 2455,,,,
00003956,Empieza con letra,C 2460,,,,
00003961,Empieza con letra,C 2489,,,,
00003967,Empieza con letra,C 2528/1,,,,
00003970,Empieza con letra,C 2534,,,,
00003973,Empieza con letra,C 2536,,,,S
00003977,Empieza con letra,C 2543,,N,N,
00003978,Empieza con letra,C 2544,,,,
00003981,Empieza con letra,C 2555/2,,,,
00003982,Empieza con letra,C 2558,,,N,
00003983,Empieza con letra,C 2558HD,,,,
00003991,Empieza con letra,C 2576,,,,
00003993,Empieza con letra,C 2585/10,,,,
00003994,Empieza con letra,C 2588,,,,
00004001,Empieza con letra,C 2630,,,,
00004003,Empieza con letra,C 2632,,,,S
00004005,Empieza con letra,C 2638,,,,
00004008,Empieza con letra,C 2641,,,,
00004009,Empieza con letra,C 2642,,,,
00004010,Empieza con letra,C 2646,,,,
00004011,Empieza con letra,C 2647,,,,
00004014,Empieza con letra,C 2650,,,,
00004016,Empieza con letra,C 2652,,,,S
00004022,Empieza con letra,C 2663HD,,,,
00004026,Empieza con letra,C 2671,,,N,
00004027,Empieza con letra,C 2673/1,,N,,
00004029,Empieza con letra,C 2693,,S,,
00004030,Empieza con letra,C 2694,,N,,S
00004042,Empieza con letra,C 2799,,,,
00004045,Empieza con letra,C 2831,,,,
00004052,Empieza con letra,C 2860/2,,,,
00004055,Empieza con letra,C 2884HD,,,,
00004056,Empieza con letra,C 2887,,,,
00004057,Empieza con letra,C 2890,,,,
00004058,Empieza con letra,C 2923,,S,N,
00004061,Empieza con letra,C 2934,,,,S
00004062,Empieza con letra,C 2935,N,,N,S
00004064,Empieza con letra,C 2938,,,,
00004065,Empieza con letra,C 2942,,,,
00004067,Empieza con letra,C 2951,,,,
00004068,Empieza con letra,C 2953,,,N,
00004070,Empieza con letra,C 2957/10,,,,
00004085,Empieza con letra,C 3042,,,,
00004086,Empieza con letra,C 3042/1,,,,
00004087,Empieza con letra,C 3046,,,,
00004088,Empieza con letra,C 3050,,,N,S
00004090,Empieza con letra,C 3061,,,N,S
00004094,Empieza con letra,C 3143/10,,,,
00004095,Empieza con letra,C 3152,,N,,
00004096,Empieza con letra,C 3161,,,,
00004100,Empieza con letra,C 3175/1,,,,
00004102,Empieza con letra,C 3184,,,,
00004104,Empieza con letra,C 3224,,,,
00004107,Empieza con letra,C 3239,,,N,S
00004108,Empieza con letra,C 3253,,,,
00004109,Empieza con letra,C 3254,,,,
00004110,Empieza con letra,C 3255,,,,S
00004111,Empieza con letra,C 3257,,,,
00004112,Empieza con letra,C 3260,,,,
00004115,Empieza con letra,C 3329,,,,S
00004116,Empieza con letra,C 3336/1,,,,
00004119,Empieza con letra,C 3361,,,,
00004122,Empieza con letra,C 3381,,,,
00004123,Empieza con letra,C 3394,,,,
00004125,Empieza con letra,C 3451,,,N,
00004126,Empieza con letra,C 3456,,,,
00004127,Empieza con letra,C 3463,,,,
00004128,Empieza con letra,C 3466,,,,
00004133,Empieza con letra,C 3534,,,,
00004134,Empieza con letra,C 3553,,,,
00004135,Empieza con letra,C 3555,,,,
00004136,Empieza con letra,C 3566,,,,
00004138,Empieza con letra,C 3669,,,N,
00004139,Empieza con letra,C 3692,,,,
00004140,Empieza con letra,C 3698,,,,
00004141,Empieza con letra,C 3698/2,,,N,
00004142,Empieza con letra,C 3734/1,,,,
00004143,Empieza con letra,C 3770,,,,
00004146,Empieza con letra,C 3871,,,,
00004150,Empieza con letra,C 4190/1,,,N,
00004153,Empieza con letra,C 4373/1,,,,
00004155,Empieza con letra,C 11110,,,,
00004156,Empieza con letra,C 11136,,,N,
00004158,Empieza con letra,C 12085,,,,
00004164,Empieza con letra,C 12108,,,,
00004165,Empieza con letra,C 12109,,,N,
00004166,Empieza con letra,C 12110,,,,
00004167,Empieza con letra,C 12110,,,,
00004169,Empieza con letra,C 12121,,,,
00004170,Empieza con letra,C 12262,,,,
00004171,Empieza con letra,C 13102,,,,
00004173,Empieza con letra,C 13103/10,,,,
00004176,Empieza con letra,C 13109,,,,
00004177,Empieza con letra,C 13110,,S,,
00004178,Empieza con letra,C 13111,,,N,
00004184,Empieza con letra,C 13125,,,,
00004186,Empieza con letra,C 13134,,,,
00004187,Empieza con letra,C 13135,,,N,
00004188,Empieza con letra,C 13142,,,,S
00004189,Empieza con letra,C 13145,,,,
00004191,Empieza con letra,C 13147,,,,
00004192,Empieza con letra,C 13148,,,,
00004194,Empieza con letra,C 13152,,,,
00004198,Empieza con letra,C 14109,,,,
00004199,Empieza con letra,C 14121,,,,
00004201,Empieza con letra,C 14148,,,,
00004202,Empieza con letra,C 14156,,,,
00004203,Empieza con letra,C 14166,,,,
00004204,Empieza con letra,C 14166/1,,,,
00004211,Empieza con letra,C 14189,,,,
00004213,Empieza con letra,C 14195,,,,
00004216,Empieza con letra,C 14201,,,,
00004217,Empieza con letra,C 14206,,,,
00004221,Empieza con letra,C 15116,,,,
00004222,Empieza con letra,C 15116,,,,
00004223,Empieza con letra,C 15118,,,,
00004225,Empieza con letra,C 15120,,,,
00004226,Empieza con letra,C 15121,,,,
00004227,Empieza con letra,C 15121/1,,,,
00004228,Empieza con letra,C 15122/10,,,,
00004230,Empieza con letra,C 15123,,,,
00004232,Empieza con letra,C 15124/1,,,,
00004234,Empieza con letra,C 15132,,,,
00004236,Empieza con letra,C 15144,,,,
00004238,Empieza con letra,C 15147,,,,
00004240,Empieza con letra,C 15165,,,,
00004244,Empieza con letra,C 15248,,,,
00004248,Empieza con letra,C 16113,,,N,
00004249,Empieza con letra,C 16121,,,,
00004258,Empieza con letra,C 16144,,,,
00004259,Empieza con letra,C 16146,,,,
00004261,Empieza con letra,C 16147,,,,
00004263,Empieza con letra,C 16153,,,,
00004264,Empieza con letra,C 16158,,,,
00004270,Empieza con letra,C 16164,,,,
00004271,Empieza con letra,C 16175,,,,
00004274,Empieza con letra,C 16180,,,,
00004275,Empieza con letra,C 16181,,,,
00004276,Empieza con letra,C 16181/1,,,,
00004278,Empieza con letra,C 16200,,,,
00004281,Empieza con letra,C 16216,,,,
00004284,Empieza con letra,C 16223,,,,
00004285,Empieza con letra,C 16225,,S,,
00004288,Empieza con letra,C 16226/1,,,,
00004292,Empieza con letra,C 16247,,,,
00004293,Empieza con letra,C 16247/1,,,,
00004295,Empieza con letra,C 16279,,,,
00004296,Empieza con letra,C 16296,,,N,
00004298,Empieza con letra,C 16298/1,,,,
00004300,Empieza con letra,C 16334,,,,
00004303,Empieza con letra,C 16349,,,,
00004304,Empieza con letra,C 16349/1,,,,
00004306,Empieza con letra,C 17100,,,,
00004308,Empieza con letra,C 17124,,,,
00004309,Empieza con letra,C 17124,,,,
00004310,Empieza con letra,C 17129,,,N,
00004312,Empieza con letra,C 17140,,,,
00004313,Empieza con letra,C 17146,,,,
00004314,Empieza con letra,C 17154,,,,
00004315,Empieza con letra,C 17160,,,N,
00004317,Empieza con letra,C 17201/2,,,N,
00004319,Empieza con letra,C 17225,,,N,
00004321,Empieza con letra,C 17250,,,,
00004322,Empieza con letra,C 17262,,,,
00004323,Empieza con letra,C 17262/1,,,,
00004326,Empieza con letra,C 17341,,,,
00004327,Empieza con letra,C 17343,,,,
00004328,Empieza con letra,C 17404/1,,,,
00004329,Empieza con letra,C 17454,,,,
00004334,Empieza con letra,C 18200,,,N,
00004336,Empieza con letra,C 18235,,,,
00004338,Empieza con letra,C 18253,,,,
00004340,Empieza con letra,C 18288,,,,
00004342,Empieza con letra,C 18292,,,,
00004343,Empieza con letra,C 18304,,,,
00004345,Empieza con letra,C 18328,,,,
00004347,Empieza con letra,C 18427,,,,
00004348,Empieza con letra,C 18435,,,,
00004350,Empieza con letra,C 18436/1,,,,
00004352,Empieza con letra,C 19105,,,,
00004354,Empieza con letra,C 19113,,,,
00004355,Empieza con letra,C 19118,,,,
00004359,Empieza con letra,C 19140,,,,
00004361,Empieza con letra,C 19157,,,,
00004363,Empieza con letra,C 19159,,,,
00004365,Empieza con letra,C 19184,,,,
00004367,Empieza con letra,C 19194,,,,
00004369,Empieza con letra,C 19198,,,,
00004371,Empieza con letra,C 19200/1,,,N,
00004373,Empieza con letra,C 19218,,,,
00004376,Empieza con letra,C 19297,,,,
00004379,Empieza con letra,C 19335,,,,
00004380,Empieza con letra,C 19345,,,,
00004381,Empieza con letra,C 19377,,,,
00004382,Empieza con letra,C 19449,,,,
00004384,Empieza con letra,C 19568,,,,
00004385,Empieza con letra,C 19610,,,,
00004386,Empieza con letra,C 19752,,,,
00004387,Empieza con letra,C 20103,,,,
00004388,Empieza con letra,C 20105,,,,
00004389,Empieza con letra,C 20111,,,,
00004392,Empieza con letra,C 20142,,,,
00004394,Empieza con letra,C 20161,,,,
00004396,Empieza con letra,C 20168,,,,
00004398,Empieza con letra,C 20175,,,,
00004399,Empieza con letra,C 20187,,,,S
00004401,Empieza con letra,C 20187/1,,,,
00004404,Empieza con letra,C 20212/1,,,,
00004406,Empieza con letra,C 20214,,,,
00004409,Empieza con letra,C 20270,,,,
00004415,Empieza con letra,C 20401,,,N,
00004416,Empieza con letra,C 20436,,,,
00004417,Empieza con letra,C 20438,,,,
00004420,Empieza con letra,C 20457/10,,,,
00004422,Empieza con letra,C 20506,,,,
00004423,Empieza con letra,C 20514,,,,
00004424,Empieza con letra,C 20550,,,,
00004425,Empieza con letra,C 20556,,,,
00004426,Empieza con letra,C 20855/1,,,,
00004428,Empieza con letra,C 21138/1,,,,
00004431,Empieza con letra,C 21185,,,,S
00004432,Empieza con letra,C 21217,,,,
00004434,Empieza con letra,C 21229,,,,
00004435,Empieza con letra,C 21247,,,N,
00004436,Empieza con letra,C 21259,,,,
00004439,Empieza con letra,C 21338,,,N,
00004440,Empieza con letra,C 21402,,,,
00004441,Empieza con letra,C 21416,,,,
00004442,Empieza con letra,C 21425,,,N,S
00004444,Empieza con letra,C 21432,,,N,S
00004446,Empieza con letra,C 21466,,,,
00004447,Empieza con letra,C 21480,,,,
00004449,Empieza con letra,C 21503,,,,
00004452,Empieza con letra,C 21696,,,,
00004457,Empieza con letra,C 22205,,,N,
00004458,Empieza con letra,C 22224,,,,
00004459,Empieza con letra,C 22228,,,,
00004461,Empieza con letra,C 22249,N,,,
00004463,Empieza con letra,C 22300,,,,
00004464,Empieza con letra,C 22341,,,,
00004466,Empieza con letra,C 22423,,,,
00004467,Empieza con letra,C 22439,,,,
00004468,Empieza con letra,C 22479,,,,
00004469,Empieza con letra,C 22558,,,,
00004470,Empieza con letra,C 22595,,,,
00004471,Empieza con letra,C 22617,,,,
00004472,Empieza con letra,C 22618,,,,
00004473,Empieza con letra,C 22663,,,,
00004474,Empieza con letra,C 22838/1,,,,
00004475,Empieza con letra,C 22894,,,,
00004479,Empieza con letra,C 23110,,,,
00004480,Empieza con letra,C 23112,,S,,
00004481,Empieza con letra,C 23115,,,,
00004485,Empieza con letra,C 23135/1,,,,
00004487,Empieza con letra,C 23174,,,,
00004488,Empieza con letra,C 23185,,,,
00004489,Empieza con letra,C 23202,,,,
00004490,Empieza con letra,C 23203,,,N,
00004491,Empieza con letra,C 23249/1,,,,
00004493,Empieza con letra,C 23259,,,,
00004494,Empieza con letra,C 23290,,,,
00004495,Empieza con letra,C 23326,,,,
00004496,Empieza con letra,C 23368,,,,
00004497,Empieza con letra,C 23411,,,,
00004498,Empieza con letra,C 23437,,,,
00004501,Empieza con letra,C 23440/2,,,,
00004502,Empieza con letra,C 23502,,,,
00004505,Empieza con letra,C 23551,,,,
00004507,Empieza con letra,C 23579,,,,
00004508,Empieza con letra,C 23584,,,,
00004509,Empieza con letra,C 23585,,,,
00004511,Empieza con letra,C 23609,,S,,
00004513,Empieza con letra,C 23626,,,,
00004515,Empieza con letra,C 23690,,,,
00004516,Empieza con letra,C 23692,,,,
00004517,Empieza con letra,C 23725,,,,
00004518,Empieza con letra,C 23725/1,,,,
00004520,Empieza con letra,C 23726,,,,
00004521,Empieza con letra,C 23753,,,,
00004523,Empieza con letra,C 23904,,,,
00004524,Empieza con letra,C 23946,,,,
00004525,Empieza con letra,C 23956,,,,
00004526,Empieza con letra,C 24124,,,,
00004528,Empieza con letra,C 24187,,,,
00004529,Empieza con letra,C 24188,,,,
00004532,Empieza con letra,C 24250,,,,
00004533,Empieza con letra,C 24261,,,,
00004534,Empieza con letra,C 24355,,,,
00004535,Empieza con letra,C 24363,,,,
00004536,Empieza con letra,C 24393,,,,
00004540,Empieza con letra,C 24508,,,,
00004541,Empieza con letra,C 24516,,N,N,
00004542,Empieza con letra,C 24524,,,,
00004543,Empieza con letra,C 24524/1,,,,
00004544,Empieza con letra,C 24640,,,,
00004548,Empieza con letra,C 24786,,,,
00004550,Empieza con letra,C 24855,,,,
00004551,Empieza con letra,C 24870,,,,
00004552,Empieza con letra,C 24989,,,,
00004555,Empieza con letra,C 25114,,,,
00004556,Empieza con letra,C 25116,,,,
00004560,Empieza con letra,C 25126/10,,,,
00004561,Empieza con letra,C 25183,,,,
00004562,Empieza con letra,C 25187,,,,
00004563,Empieza con letra,C 25192,,,,
00004564,Empieza con letra,C 25218,,,,
00004565,Empieza con letra,C 25601,,,,
00004566,Empieza con letra,C 25660/1,,,,
00004567,Empieza con letra,C 25710/3,,,,
00004568,Empieza con letra,C 25730,,,,
00004569,Empieza con letra,C 25854,,,,
00004570,Empieza con letra,C 25860,,,,
00004571,Empieza con letra,C 25860/3,,,,
00004574,Empieza con letra,C 26111,,,,
00004575,Empieza con letra,C 26134,,,,
00004576,Empieza con letra,C 26136,,,,
00004577,Empieza con letra,C 26136/1,,,,
00004579,Empieza con letra,C 26153,,,,
00004580,Empieza con letra,C 26240,,,,
00004581,Empieza con letra,C 26315/1,,,,
00004582,Empieza con letra,C 26315/4,,,,
00004583,Empieza con letra,C 26392,,,,
00004584,Empieza con letra,C 26431,,,,
00004585,Empieza con letra,C 26523,,,,
00004586,Empieza con letra,C 26548,,,,
00004587,Empieza con letra,C 26550,,,,
00004588,Empieza con letra,C 26596,,,,
00004589,Empieza con letra,C 26690,,,,
00004590,Empieza con letra,C 26773,,,,
00004591,Empieza con letra,C 26790,,,N,
00004593,Empieza con letra,C 26853,,,,
00004594,Empieza con letra,C 26887,,,,
00004595,Empieza con letra,C 26965,,,,
00004596,Empieza con letra,C 26965/1,,,,
00004597,Empieza con letra,C 26966,,,,
00004600,Empieza con letra,C 26996,,,N,
00004601,Empieza con letra,C 27133,,,,
00004605,Empieza con letra,C 27272,,,N,
00004606,Empieza con letra,C 27321,,,,
00004607,Empieza con letra,C 27344,,,,
00004608,Empieza con letra,C 27502/1,,,,
00004609,Empieza con letra,C 27585,,,,
00004614,Empieza con letra,C 27970,,,,
00004615,Empieza con letra,C 28107/10,,,,
00004619,Empieza con letra,C 28248,,,,
00004620,Empieza con letra,C 28383,,,,
00004621,Empieza con letra,C 28487,,,,
00004622,Empieza con letra,C 28554,,,N,
00004623,Empieza con letra,C 28609,,,,
00004624,Empieza con letra,C 28684,,,,
00004626,Empieza con letra,C 28770,,,,
00004627,Empieza con letra,C 28771,,,,
00004628,Empieza con letra,C 28781,,,,
00004634,Empieza con letra,C 29122/1,,,,
00004635,Empieza con letra,C 29126,,,,
00004636,Empieza con letra,C 29198,,,N,
00004637,Empieza con letra,C 29200,,,,
00004638,Empieza con letra,C 29254,,,,
00004639,Empieza con letra,C 29289,,,,
00004640,Empieza con letra,C 29352/1,,,,
00004641,Empieza con letra,C 29496,,,,
00004642,Empieza con letra,C 29577,,,,
00004643,Empieza con letra,C 29624,,,N,
00004644,Empieza con letra,C 29897,,,,
00004648,Empieza con letra,C 30133,,,,
00004650,Empieza con letra,C 30195/2,,,,
00004651,Empieza con letra,C 30288,,,,
00004652,Empieza con letra,C 30375,,,,
00004653,Empieza con letra,C 30414,,,,
00004654,Empieza con letra,C 30421,,,,
00004655,Empieza con letra,C 30668,,,,
00004657,Empieza con letra,C 30703,,,,
00004658,Empieza con letra,C 30745,,,,
00004660,Empieza con letra,C 30880,,,,
00004661,Empieza con letra,C 30880/1,,,,
00004662,Empieza con letra,C 30945,,,,
00004663,Empieza con letra,C 31120,,,N,
00004664,Empieza con letra,C 31126,,,,
00004666,Empieza con letra,C 31154,,,,
00004667,Empieza con letra,C 31159,,,,
00004668,Empieza con letra,C 31190,,,,
00004671,Empieza con letra,C 31474,,,,
00004672,Empieza con letra,C 31524,,,,
00004673,Empieza con letra,C 31700,,,,
00004674,Empieza con letra,C 31727,,,,
00004675,Empieza con letra,C 31750,,,N,
00004676,Empieza con letra,C 31818,,,,
00004677,Empieza con letra,C 31852,,,,
00004678,Empieza con letra,C 32120,,,,S
00004681,Empieza con letra,C 32381,,,,
00004682,Empieza con letra,C 32549,,,,
00004683,Empieza con letra,C 32640/1,,,,
00004684,Empieza con letra,C 32698,,,,
00004685,Empieza con letra,C 32809,,,,
00004686,Empieza con letra,C 33130,,S,,
00004688,Empieza con letra,C 33922,,,,
00004689,Empieza con letra,C 33981,,,,
00004692,Empieza con letra,C 34109,,,,
00004695,Empieza con letra,C 34287,,,,
00004696,Empieza con letra,C 34430,,,,
00004697,Empieza con letra,C 34888,,,,
00004698,Empieza con letra,C 35118,,,,
00004699,Empieza con letra,C 35632,,,,
00004701,Empieza con letra,C 36188,,,,
00004702,Empieza con letra,C 36840,,,,
00004703,Empieza con letra,C 36840/1,,,,
00004704,Empieza con letra,C 36998,,,,
00004706,Empieza con letra,C 37114,,,,
00004707,Empieza con letra,C 37144,,,,
00004708,Empieza con letra,C 37145,,,,
00004710,Empieza con letra,C 37157,,,,
00004711,Empieza con letra,C 38163/1,,N,,
00004712,Empieza con letra,C 40174,,,,
00004713,Empieza con letra,C 40868,,,,
00004714,Empieza con letra,C 41173,,,,
00004715,Empieza con letra,C 42098,,,,
00004717,Empieza con letra,C 48183,,,,
00004718,Empieza con letra,C 54121,,,,
00004719,Empieza con letra,C 60345,,,,
00004720,Empieza con letra,C 221079,,,,
00004721,Empieza con letra,C 221113,,,,
00004722,Empieza con letra,C 221380,,,,
00004723,Empieza con letra,C 261252,,,,
00004724,Empieza con letra,C 261252/1,,,,
00004725,Empieza con letra,C 271104,,,,
00004726,Empieza con letra,C 271170,,,,
00004727,Empieza con letra,C 271318,,,,
00004729,Empieza con letra,C 271390,,,,
00004730,Empieza con letra,C 271520,,,,
00004731,Empieza con letra,C 271580,,,,
00004732,Empieza con letra,C 271925,,,,
00004733,Empieza con letra,C 281012,,N,N,S
00004734,Empieza con letra,C 281090,,,,
00004735,Empieza con letra,C 281226,,,,
00004736,Empieza con letra,C 281265,,,,
00004737,Empieza con letra,C 281413,,,,
00004738,Empieza con letra,C 291032/1,,,,
00004739,Empieza con letra,C 291410/1,,,,
00004740,Empieza con letra,C 301066,,,,
00004741,Empieza con letra,C 301094,,,,
00004742,Empieza con letra,C 301184,,,,
00004743,Empieza con letra,C 30122,,,,
00004744,Empieza con letra,C 301221,,,,
00004745,Empieza con letra,C 301359,,,,
00004746,Empieza con letra,C 301371,,,,
00004747,Empieza con letra,C 311032,,,,
00004748,Empieza con letra,C 311093/1,,,,
00004749,Empieza con letra,C 311160,,,,
00004750,Empieza con letra,C 311165,,,,
00004752,Empieza con letra,C 311226/1,,,,
00004753,Empieza con letra,C 311256,,,,
00004754,Empieza con letra,C 311276,,,,
00004755,Empieza con letra,C 311311,,,,
00004756,Empieza con letra,C 311352,,,N,
00004757,Empieza con letra,C 311440,,,,
00004758,Empieza con letra,C 311460,,,,
00004759,Empieza con letra,C 311461,,,,
00004760,Empieza con letra,C 311512,,,,
00004761,Empieza con letra,C 311590/1,,,,
00004762,Empieza con letra,C 311592,,,,
00004763,Empieza con letra,C 311641,,,,
00004764,Empieza con letra,C 311645,,,,
00004765,Empieza con letra,C 321160,,,N,
00004766,Empieza con letra,C 321500,,,,
00004767,Empieza con letra,C 321594,,,,
00004768,Empieza con letra,C 331015,,,,
00004769,Empieza con letra,C 331023,,,,
00004770,Empieza con letra,C 331053,,,,
00004771,Empieza con letra,C 331296,,,,
00004772,Empieza con letra,C 331300,,,,
00004773,Empieza con letra,C 331305,N,,N,S
00004774,Empieza con letra,C 331456,,,,
00004775,Empieza con letra,C 331465,,,,
00004776,Empieza con letra,C 331600/1,,,,
00004777,Empieza con letra,C 331605,,,,
00004778,Empieza con letra,C 331825,,,,
00004779,Empieza con letra,C 331825/1,,,,
00004780,Empieza con letra,C 331840,,,,
00004781,Empieza con letra,C 331912,,,,
00004782,Empieza con letra,C 331929,,,,
00004783,Empieza con letra,C 332139,,,,
00004784,Empieza con letra,C 332225,,,,
00004785,Empieza con letra,C 351039,,,,
00004786,Empieza con letra,C 351177,,,,
00004787,Empieza con letra,C 351592,,,,
00004788,Empieza con letra,C 351850,,,,
00004789,Empieza con letra,C 352194,,,,
00004790,Empieza con letra,C 361125,,,,
00004791,Empieza con letra,C 371053,,,,
00004792,Empieza con letra,C 371774,,,,
00004793,Empieza con letra,C 381723,,,,
00004794,Empieza con letra,C 402070,,,,
00004795,Empieza con letra,C 411776,,,,
00004797,Empieza con letra,C 421404,,,,
00004798,Empieza con letra,C 452666,,,,
00004799,Empieza con letra,C 453265,,,,
00004800,Empieza con letra,C 481047,,,,
00004801,Empieza con letra,C 641500,,,,
00004895,Empieza con letra,H 54,,,,
00004896,Empieza con letra,H 55,,,,
00004897,Empieza con letra,H 56,,,,
00004898,Empieza con letra,H 57,,,,
00004899,Empieza con letra,H 61,,,,
00004900,Empieza con letra,H 66/10,,,,
00004901,Empieza con letra,H 76,,,,
00004902,Empieza con letra,H 50,,,N,
00004903,Empieza con letra,H 51,,,,
00004904,Empieza con letra,H 52,,,,
00004905,Empieza con letra,H 53,,,,
00004906,Empieza con letra,H 57,,,,
00004907,Empieza con letra,H 58,,,,
00004908,Empieza con letra,H 63,,,,
00004909,Empieza con letra,H 64x,,,,
00004910,Empieza con letra,H 65,,,,
00004911,Empieza con letra,H 66x,,,,
00004912,Empieza con letra,H 67,,,N,
00004913,Empieza con letra,H 68,,,,
00004914,Empieza con letra,H 69,,,,
00004915,Empieza con letra,H 79,,,,
00004916,Empieza con letra,H 88,,,,
00004917,Empieza con letra,H 182,,,,
00004918,Empieza con letra,H 203,,,,
00004919,Empieza con letra,H 406,,,,
00004920,Empieza con letra,H 407,,,,
00004921,Empieza con letra,H 409,,,,
00004922,Empieza con letra,H 410,,,,
00004923,Empieza con letra,H 506,S,,,
00004924,Empieza con letra,H 513,,,,
00004925,Empieza con letra,H 601,,,,
00004927,Empieza con letra,H 601n,,,,
00004928,Empieza con letra,H 609,,,,
00004929,Empieza con letra,H 610,,,,
00004930,Empieza con letra,H 611,,,N,
00004931,Empieza con letra,H 611/10,,,,
00004932,Empieza con letra,H 612,,N,N,
00004934,Empieza con letra,H 614n,,,N,
00004935,Empieza con letra,H 614x,,,,
00004937,Empieza con letra,H 616/10,,,,
00004938,Empieza con letra,H 617n,,,,
00004939,Empieza con letra,H 621,,,,
00004940,Empieza con letra,H 622,,,,
00004941,Empieza con letra,H 625,,,,
00004942,Empieza con letra,H 631,,,N,
00004943,Empieza con letra,H 660,,,,
00004944,Empieza con letra,H 710,,,,
00004945,Empieza con letra,H 710/5,,,,
00004947,Empieza con letra,H 713x,,,N,
00004949,Empieza con letra,H 716/10,,,,
00004950,Empieza con letra,H 716x,,N,N,
00004951,Empieza con letra,H 717,,,,
00004952,Empieza con letra,H 717/1,,,,
00004953,Empieza con letra,H 718/10,,,,
00004954,Empieza con letra,H 719/10,,,,
00004955,Empieza con letra,H 720/10,,,N,
00004956,Empieza con letra,H 720x,,,,
00004957,Empieza con letra,H 721,,,,
00004958,Empieza con letra,H 723,,N,,
00004959,Empieza con letra,H 724,,,,
00004960,Empieza con letra,H 725,,,,
00004961,Empieza con letra,H 726/10,,,,
00004962,Empieza con letra,H 726x,,,,
00004965,Empieza con letra,H 728,,,,
00004966,Empieza con letra,H 729,,,,
00004967,Empieza con letra,H 729/10,,S,,
00004968,Empieza con letra,H 730x,,,,
00004969,Empieza con letra,H 737,,,,
00004970,Empieza con letra,H 746,,,,
00004971,Empieza con letra,H 749,,,,
00004972,Empieza con letra,H 804/10x,,,,
00004973,Empieza con letra,H 804d,,,,
00004974,Empieza con letra,H 804x,,,N,
00004975,Empieza con letra,H 805,,,,
00004976,Empieza con letra,H 807,,,,
00004977,Empieza con letra,H 809,,,,
00004978,Empieza con letra,H 811,,,N,
00004981,Empieza con letra,H 813x,,,,
00004982,Empieza con letra,H 813x,,,N,
00004983,Empieza con letra,H 814,,,,
00004984,Empieza con letra,H 816/5,,,,
00004986,Empieza con letra,H 816x,,N,N,
00004987,Empieza con letra,H 817,,,,
00004989,Empieza con letra,H 818/5,,,,
00004991,Empieza con letra,H 819n,,,N,
00004994,Empieza con letra,H 822/1x,,,,
00004997,Empieza con letra,H 824/11,,,N,
00004998,Empieza con letra,H 824/15,,,,
00004999,Empieza con letra,H 824/1x,,,,
00005000,Empieza con letra,H 825/1,,S,N,
00005002,Empieza con letra,H 826,,,,
00005003,Empieza con letra,H 827,,,,
00005004,Empieza con letra,H 828,,,,
00005005,Empieza con letra,H 828/10,,,,
00005006,Empieza con letra,H 828/5,,,,
00005007,Empieza con letra,H 829,,,,
00005008,Empieza con letra,H 829/3,,,N,
00005010,Empieza con letra,H 831x,,,,
00005011,Empieza con letra,H 833,,,,
00005012,Empieza con letra,H 834,,,,
00005013,Empieza con letra,H 837,,,,
00005014,Empieza con letra,H 838,,,,
00005015,Empieza con letra,H 841,,,,
00005016,Empieza con letra,H 845,,,,
00005017,Empieza con letra,H 846,,S,,
00005018,Empieza con letra,H 849/10,,,,
00005019,Empieza con letra,H 853,,,,
00005020,Empieza con letra,H 854x,,,N,
00005021,Empieza con letra,H 909,,,,
00005022,Empieza con letra,H 910/2,,,,
00005024,Empieza con letra,H 914,,,N,
00005025,Empieza con letra,H 914/10,,,,
00005027,Empieza con letra,H 916x,N,,N,
00005028,Empieza con letra,H 919,,,,
00005030,Empieza con letra,H 921/20,,,,
00005031,Empieza con letra,H 921/30,,,,
00005033,Empieza con letra,H 922/1x,,,,
00005034,Empieza con letra,H 923x,,,,
00005035,Empieza con letra,H 924,,,,
00005036,Empieza con letra,H 925/1x,,,,
00005037,Empieza con letra,H 926,,,N,
00005039,Empieza con letra,H 928/1t,,,,
00005040,Empieza con letra,H 929x,,,,
00005041,Empieza con letra,H 930,,,,S
00005042,Empieza con letra,H 930/15x,,N,,
00005043,Empieza con letra,H 930/3x,,,,
00005044,Empieza con letra,H 932,,,,
00005046,Empieza con letra,H 933,,S,N,
00005047,Empieza con letra,H 934/1,,,,
00005048,Empieza con letra,H 934/10,,,,
00005049,Empieza con letra,H 936/1x,,,N,
00005050,Empieza con letra,H 937/50,,,,
00005051,Empieza con letra,H 938,,,,
00005052,Empieza con letra,H 938/10,,,,
00005053,Empieza con letra,H 938/50,,,,
00005056,Empieza con letra,H 941/5,,,,
00005057,Empieza con letra,H 941x,,,N,
00005058,Empieza con letra,H 944/10,,,,
00005059,Empieza con letra,H 944/5,,,,
00005060,Empieza con letra,H 945x,,,,
00005061,Empieza con letra,H 946,,,,
00005064,Empieza con letra,H 948x,,,N,
00005065,Empieza con letra,H 949/10,,,,
00005066,Empieza con letra,H 949/15,,,,
00005067,Empieza con letra,H 950,,,,
00005069,Empieza con letra,H 953x,,,,
00005070,Empieza con letra,H 963,,,,
00005071,Empieza con letra,H 976,,,,
00005072,Empieza con letra,H 976/1,,,,
00005073,Empieza con letra,H 983,,,,
00005074,Empieza con letra,H 992,,,N,
00005075,Empieza con letra,H 1008,,,,S
00005076,Empieza con letra,H 1011,,,,
00005077,Empieza con letra,H 1012,,,N,
00005078,Empieza con letra,H 1012t,,,N,
00005079,Empieza con letra,H 1013x,,,,
00005080,Empieza con letra,H 1017n,,,,
00005081,Empieza con letra,H 1018/2n,,,,
00005082,Empieza con letra,H 1023,,,,
00005083,Empieza con letra,H 1026,,,N,
00005085,Empieza con letra,H 1029/1n,,,,
00005086,Empieza con letra,H 1031,,,,
00005089,Empieza con letra,H 1033/3,,,,
00005091,Empieza con letra,H 1034/3x,,,,
00005092,Empieza con letra,H 1035,,,N,
00005095,Empieza con letra,H 1041,,,N,
00005096,Empieza con letra,H 1042/2,,,,
00005097,Empieza con letra,H 1043/11,,,,
00005098,Empieza con letra,H 1044x,,,,
00005099,Empieza con letra,H 1045/10,,,,
00005100,Empieza con letra,H 1045/15,,,,
00005101,Empieza con letra,H 1046,,,,
00005102,Empieza con letra,H 1048t,,,,
00005103,Empieza con letra,H 1049/1,,,,
00005104,Empieza con letra,H 1050/2,,,,
00005105,Empieza con letra,H 1050x,,,,
00005106,Empieza con letra,H 1052/8,,,,
00005107,Empieza con letra,H 1052x,,,,
00005108,Empieza con letra,H 1053/2n,,,,
00005110,Empieza con letra,H 1054x,,,N,
00005111,Empieza con letra,H 1056,,,,
00005112,Empieza con letra,H 1060,,,,
00005113,Empieza con letra,H 1060n,,,N,
00005114,Empieza con letra,H 1061,,,,
00005115,Empieza con letra,H 1065/2,,,,
00005116,Empieza con letra,H 1067/1x,,,,
00005117,Empieza con letra,H 1068/2,,,,
00005118,Empieza con letra,H 1069x,,,,
00005119,Empieza con letra,H 1072/11x,,,,
00005120,Empieza con letra,H 1073,,,,
00005121,Empieza con letra,H 1074,,,N,
00005122,Empieza con letra,H 1075x,,,,
00005123,Empieza con letra,H 1076x,,,,
00005124,Empieza con letra,H 1081,,,,
00005125,Empieza con letra,H 1089,,,,
00005126,Empieza con letra,H 1089/1,,,,
00005127,Empieza con letra,H 1099,,,,
00005128,Empieza con letra,H 1122x,,,N,
00005129,Empieza con letra,H 1132,,,,
00005130,Empieza con letra,H 1137,,,,
00005131,Empieza con letra,H 1142,,,,
00005132,Empieza con letra,H 1144,,,,
00005136,Empieza con letra,H 1150,,,,
00005137,Empieza con letra,H 1153,,,,
00005138,Empieza con letra,H 1154,,,,S
00005139,Empieza con letra,H 1155,,,,
00005140,Empieza con letra,H 1162x,,,N,
00005141,Empieza con letra,H 1163x,,,,
00005142,Empieza con letra,H 1164/10,,,,
00005144,Empieza con letra,H 1165,,,,
00005145,Empieza con letra,H 1165/1,,,,
00005146,Empieza con letra,H 1166,,,,
00005147,Empieza con letra,H 1168x,,,,
00005148,Empieza con letra,H 1171,,,,
00005149,Empieza con letra,H 1172,,,,
00005150,Empieza con letra,H 1175/10,,,,
00005151,Empieza con letra,H 1176,,,,
00005152,Empieza con letra,H 1184,,,,
00005153,Empieza con letra,H 1186x,,,,
00005154,Empieza con letra,H 1187,,,,
00005155,Empieza con letra,H 1191x,,,,
00005156,Empieza con letra,H 1194x,,,,
00005157,Empieza con letra,H 1198x,,,,
00005158,Empieza con letra,H 1199,,,,
00005159,Empieza con letra,H 1243,,N,,
00005160,Empieza con letra,H 1244,,,,
00005161,Empieza con letra,H 1247x,,,,
00005162,Empieza con letra,H 1248,,,,
00005163,Empieza con letra,H 1255,,,,
00005164,Empieza con letra,H 1258/1,,,N,
00005166,Empieza con letra,H 1262,,,,
00005169,Empieza con letra,H 1273,,,,
00005171,Empieza con letra,H 1276/20,,,,
00005172,Empieza con letra,H 1277/10,,,,
00005173,Empieza con letra,H 1279,,,,
00005174,Empieza con letra,H 1279/1,,,,
00005175,Empieza con letra,H 1281x,,,,
00005177,Empieza con letra,H 1286/1,,,,
00005178,Empieza con letra,H 1290/1,,,,
00005179,Empieza con letra,H 1290/10,,,,
00005180,Empieza con letra,H 1291/1,,,,
00005181,Empieza con letra,H 1295,,,,
00005182,Empieza con letra,H 1307,,,,
00005183,Empieza con letra,H 1334x,,,,
00005184,Empieza con letra,H 1344,,,,
00005185,Empieza con letra,H 1346x,,,,
00005186,Empieza con letra,H 1356,,,,
00005187,Empieza con letra,H 1360,,,,
00005188,Empieza con letra,H 1361x,N,,,
00005190,Empieza con letra,H 1365x,,,,
00005191,Empieza con letra,H 1375,,,,
00005192,Empieza con letra,H 1382,,,,
00005193,Empieza con letra,H 1386,,,,
00005194,Empieza con letra,H 1386/5,,,,
00005195,Empieza con letra,H 1394,,,,
00005196,Empieza con letra,H 1395x,,,,
00005198,Empieza con letra,H 1460,,,,
00005199,Empieza con letra,H 1464,,,,
00005200,Empieza con letra,H 1471/10,,,,
00005201,Empieza con letra,H 1496,,,,
00005202,Empieza con letra,H 1497/0x,S,,,
00005203,Empieza con letra,H 1497/1,,,N,
00005204,Empieza con letra,H 1497/1x,,,,
00005205,Empieza con letra,H 1538,,,,
00005206,Empieza con letra,H 1565/1,,,,
00005207,Empieza con letra,H 1582,,,,
00005208,Empieza con letra,H 1599,,,,
00005209,Empieza con letra,H 1664,,,,S
00005210,Empieza con letra,H 1686,,,,
00005211,Empieza con letra,H 1734,,,,
00005212,Empieza con letra,H 1796,,,,
00005213,Empieza con letra,H 3010X,,,,
00005214,Empieza con letra,H 3230x,,,,
00005215,Empieza con letra,H 7124,,,,
00005216,Empieza con letra,H 10101,,,,
00005217,Empieza con letra,H 10113,,,,
00005218,Empieza con letra,H 10124,,,,
00005219,Empieza con letra,H 10143,,,,
00005220,Empieza con letra,H 11100,,,,
00005221,Empieza con letra,H 11103,,,,
00005222,Empieza con letra,H 11106/1x,,,,
00005223,Empieza con letra,H 11109/1,,,,
00005224,Empieza con letra,H 11130,,,,
00005225,Empieza con letra,H 11142,,,,
00005226,Empieza con letra,H 11180,,,,
00005229,Empieza con letra,H 12105d,,S,,
00005230,Empieza con letra,H 12105n,,,,
00005232,Empieza con letra,H 12106,,,,
00005233,Empieza con letra,H 12107,,,,
00005234,Empieza con letra,H 12107/2,,,,
00005237,Empieza con letra,H 12116,,,,
00005238,Empieza con letra,H 12122,,,,
00005239,Empieza con letra,H 12151,,,,
00005240,Empieza con letra,H 13104,,,,
00005241,Empieza con letra,H 13104/1,,,,
00005242,Empieza con letra,H 13110,,,,
00005243,Empieza con letra,H 13118x,,,,
00005244,Empieza con letra,H 13122,,,,
00005245,Empieza con letra,H 13127,,,N,
00005246,Empieza con letra,H 13129x,,,,
00005247,Empieza con letra,H 13135,,,,
00005248,Empieza con letra,H 14106x,,,,
00005249,Empieza con letra,H 14111/1,,,,
00005250,Empieza con letra,H 14151,,,,
00005251,Empieza con letra,H 15103,,,,
00005252,Empieza con letra,H 15111/2,,,,
00005253,Empieza con letra,H 15123,,,,
00005254,Empieza con letra,H 15124,,,,
00005255,Empieza con letra,H 15129,,,,
00005256,Empieza con letra,H 15138,,,,
00005257,Empieza con letra,H 15160,,,,
00005258,Empieza con letra,H 15168,,,,
00005259,Empieza con letra,H 15185,,,,
00005261,Empieza con letra,H 15190/11,,,,
00005262,Empieza con letra,H 15190/16,,,,
00005263,Empieza con letra,H 15202,,,,
00005264,Empieza con letra,H 15220x,,,,
00005265,Empieza con letra,H 15222/2,,,,
00005266,Empieza con letra,H 15223,,,,
00005267,Empieza con letra,H 15239,,,,
00005268,Empieza con letra,H 15263,,,,
00005269,Empieza con letra,H 15290,,,,
00005270,Empieza con letra,H 15323,,,,
00005271,Empieza con letra,H 16103,,,,
00005272,Empieza con letra,H 16164,,,,
00005273,Empieza con letra,H 16198,,,,
00005274,Empieza con letra,H 16543,,,,
00005275,Empieza con letra,H 17036,,,,
00005276,Empieza con letra,H 17036/1,,,,
00005277,Empieza con letra,H 17160,,,,
00005278,Empieza con letra,H 17192,,,,
00005279,Empieza con letra,H 17238,,,,
00005280,Empieza con letra,H 17250,,,,
00005281,Empieza con letra,H 17307,,,,
00005282,Empieza con letra,H 18112,,,,
00005283,Empieza con letra,H 18180,,,,
00005284,Empieza con letra,H 18265,,,,
00005285,Empieza con letra,H 18286,,S,N,
00005286,Empieza con letra,H 19245,,,,
00005287,Empieza con letra,H 19545,,,,
00005288,Empieza con letra,H 20337,,,,
00005289,Empieza con letra,H 20337/1,,,,
00005290,Empieza con letra,H 20440,,,,
00005291,Empieza con letra,H 21105x,,,,
00005461,Empieza con letra,P 21,,,,
00005462,Empieza con letra,P 22,,,,
00005463,Empieza con letra,P 31,,,,
00005464,Empieza con letra,P 31/10,,,,
00005465,Empieza con letra,P 32,,,,
00005467,Empieza con letra,P 34,,,,
00005468,Empieza con letra,P 35,,,,
00005469,Empieza con letra,P 41,,,,
00005470,Empieza con letra,P 41/1,,N,,
00005471,Empieza con letra,P 42/1,,,,
00005472,Empieza con letra,P 43,,,,
00005473,Empieza con letra,P 43/10,,,,
00005474,Empieza con letra,P 43/5,,S,,
00005475,Empieza con letra,P 44,,,,
00005476,Empieza con letra,P 44/10,,,,
00005477,Empieza con letra,P 45,,,,
00005479,Empieza con letra,P 46/1,,,,
00005480,Empieza con letra,P 47,,,,
00005481,Empieza con letra,P 48,,,,
00005482,Empieza con letra,P 49,,,,
00005483,Empieza con letra,P 49/1,,,,
00005484,Empieza con letra,P 52,,,N,
00005485,Empieza con letra,P 54,,,,
00005486,Empieza con letra,P 54/10,,,,
00005487,Empieza con letra,P 55,,,,
00005488,Empieza con letra,P 55/10,,,,
00005489,Empieza con letra,P 56,,,,
00005490,Empieza con letra,P 57/10,,,,
00005491,Empieza con letra,P 67/10x,,,,
00005492,Empieza con letra,P 67x,,,,
00005493,Empieza con letra,P 68,,,,
00005494,Empieza con letra,P 85,,,,
00005495,Empieza con letra,P 89/10,,,,
00005496,Empieza con letra,P 512,,,N,
00005497,Empieza con letra,P 606,,,,
00005498,Empieza con letra,P 608,,,N,
00005499,Empieza con letra,P 609,,,,
00005500,Empieza con letra,P 610x,,,,
00005503,Empieza con letra,P 708x,,,,
00005504,Empieza con letra,P 711/11,,,N,
00005506,Empieza con letra,P 712/5,,,,
00005507,Empieza con letra,P 712x,,,,
00005508,Empieza con letra,P 713,,,,
00005513,Empieza con letra,P 717x,,,,
00005514,Empieza con letra,P 718,,,,
00005515,Empieza con letra,P 718/1x,,,N,S
00005517,Empieza con letra,P 722,,N,N,
00005518,Empieza con letra,P 723,,,N,
00005519,Empieza con letra,P 724x,,,,
00005520,Empieza con letra,P 726x,,,N,
00005521,Empieza con letra,P 730x,,,N,
00005523,Empieza con letra,P 746,,,,
00005524,Empieza con letra,P 803,,,,
00005527,Empieza con letra,P 810/3x,,,N,
00005530,Empieza con letra,P 815n,,,,
00005531,Empieza con letra,P 816,,,,
00005533,Empieza con letra,P 818/5,,,,
00005534,Empieza con letra,P 819,,,,
00005535,Empieza con letra,P 822x,N,,,
00005536,Empieza con letra,P 823/10,,,,
00005537,Empieza con letra,P 824/10,,,N,
00005539,Empieza con letra,P 825/1v,,,,
00005540,Empieza con letra,P 825/5x,,,,
00005541,Empieza con letra,P 825n,,,,
00005542,Empieza con letra,P 825t,,,,
00005543,Empieza con letra,P 826/10,,,,
00005544,Empieza con letra,P 915n,,,,
00005546,Empieza con letra,P 916/6x,,,N,
00005547,Empieza con letra,P 916/7x,,,,
00005548,Empieza con letra,P 917/20x,,,N,
00005551,Empieza con letra,P 921/2x,,,,
00005552,Empieza con letra,P 923/1x,,,,
00005553,Empieza con letra,P 926,,,,
00005554,Empieza con letra,P 932x,,,,
00005555,Empieza con letra,P 934,,,,
00005556,Empieza con letra,P 935,,,,
00005557,Empieza con letra,P 936x,,,,
00005558,Empieza con letra,P 937x,,,,
00005559,Empieza con letra,P 938x,,N,,
00005560,Empieza con letra,P 939/1x,,,,
00005562,Empieza con letra,P 940x,,,,
00005564,Empieza con letra,P 947,,,,
00005565,Empieza con letra,P 948/1,,,,
00005567,Empieza con letra,P 950/10x,,N,,
00005568,Empieza con letra,P 950x,,,,
00005569,Empieza con letra,P 1012x,,,,S
00005570,Empieza con letra,P 1015f,,,,
00005571,Empieza con letra,P 1015n,,,,
00005572,Empieza con letra,P 1015x,,,,
00005573,Empieza con letra,P 1018/1,,,,
00005574,Empieza con letra,P 1025/1x,,,N,
00005575,Empieza con letra,P 1025f,,,N,
00005576,Empieza con letra,P 1025n,,,,
00005578,Empieza con letra,P 1036,,,,
00005579,Empieza con letra,P 1044,,,,
00005580,Empieza con letra,P 1075,,,,
00005581,Empieza con letra,P 1113,,,,
00005582,Empieza con letra,P 1130,,,,
00005585,Empieza con letra,P 1149,,,,
00005586,Empieza con letra,P 1163,,,,
00005587,Empieza con letra,P 1165,,,,
00005588,Empieza con letra,P 1167,,,,
00005591,Empieza con letra,P 1193x,,,N,
00005592,Empieza con letra,P 1198,,,,
00005593,Empieza con letra,P 1271n,,,,
00005594,Empieza con letra,P 1271x,,,,
00005595,Empieza con letra,P 1279,,,,S
00005596,Empieza con letra,P 1478,,,,
00005597,Empieza con letra,P 1478/10,,,,
00005598,Empieza con letra,P 1511,,,,
00005599,Empieza con letra,P 1517,,,,
00005600,Empieza con letra,P 1535/1,,,,
00005601,Empieza con letra,P 1535n,,,,
00005602,Empieza con letra,P 1545,,,,
00005603,Empieza con letra,P 1548,,,,
00005604,Empieza con letra,P 1558,,,,
00005605,Empieza con letra,P 1564,,,,
00005606,Empieza con letra,P 1587,,,,
00005607,Empieza con letra,P 11102x,,,,
00005608,Empieza con letra,P 10113,,,,
00005609,Empieza con letra,P 10120,,,,
00005610,Empieza con letra,P 13132,,,,
00005611,Empieza con letra,P 14149,,,,
00005612,Empieza con letra,P 15140,,,,
00005613,Empieza con letra,P 15150x,,,,
00005614,Empieza con letra,P 15222,,,,
00005615,Empieza con letra,P 15323,,,,
00005616,Empieza con letra,P 17427,,,,
00005617,Empieza con letra,P 19203,,,,
00005618,Empieza con letra,P 22577,,,,
00005648,Empieza con letra,W 67/10,,,N,S
00005654,Empieza con letra,W 77/10,,,N,S
00005676,Empieza con letra,W 713/50,,,,S
00005678,Empieza con letra,W 719,,S,N,S
00005692,Empieza con letra,W 818/12,,,N,S
00005701,Empieza con letra,W 914/12,,,,S
00005712,Empieza con letra,W 920/30,,,N,S
00005715,Empieza con letra,W 920/45,,,,S
00005717,Empieza con letra,W 920/66,,S,N,S
00005723,Empieza con letra,W 927,,,N,S
00005728,Empieza con letra,W 930/13,,,,S
00005730,Empieza con letra,W 930/30,,,,S
00005731,Empieza con letra,W 930/50,,,,S
00005759,Empieza con letra,W 950/31,,,,S
00005765,Empieza con letra,W 962/9,,,,S
00005768,Empieza con letra,W 962/15,,,,S
00005769,Empieza con letra,W 962/52,,,,S
00005770,Empieza con letra,W 712/7,,,N,S
00005772,Empieza con letra,W 1021/10,,,,S
00005773,Empieza con letra,W 1021/20,,,,S
00005774,Empieza con letra,W 1021/30,S,,N,S
00005779,Empieza con letra,W 1122/1,,,N,S
00005781,Empieza con letra,W 1126/5,,,,S
00005789,Empieza con letra,W 1144,,,N,S
00005791,Empieza con letra,W 1158,,,,S
00005797,Empieza con letra,W 1168/20,,S,N,S
00005800,Empieza con letra,W 1170/10,,,,S
00005801,Empieza con letra,W 1172,,,,S
00005806,Empieza con letra,W 1275,,,N,S
00005808,Empieza con letra,W 1290,,,,S
00005809,Empieza con letra,W 1290/1,,,N,S
00005812,Empieza con letra,W 1355,,,,S
00005814,Empieza con letra,W 1359/1,,,,S
00005815,Empieza con letra,W 1361,,,N,S
00005817,Empieza con letra,W 1396,,,,S
00005823,Empieza con letra,W 11102/9,,,N,S
00006152,Empieza con letra,C 2510/1,,,N,
00013755,Empieza con letra,C 3307/1,,,N,
00025108,Solo numeros,25108                                             ,,,,S
00025254,Empieza con letra,C 42002,,,N,
00029919,Empieza con letra,W 940/69,,,N,
00029925,Empieza con letra,C 20106,,,N,
00031700,Empieza con letra,W 712/30,,,N,
00036125,Solo numeros,444444444                                         ,,,,
00038443,Empieza con letra,W 810/10,,N,,
00038988,Solo numeros,1                                                                                                   ,,N,N,S
00042115,Solo numeros,1                                                                                                   ,,,N,
00042667,Solo numeros,1                                                                                                   ,,N,N,
00049734,Empieza con letra,W 712/19,,,S,S
00052063,Descripcion vacia,Vacio,,,,
00054936,Empieza con letra,H 804,,,N,
00066747,Empieza con letra,C 16237,,S,,
00072059,Empieza con letra,C 18255,,,N,
00072061,Empieza con letra,C 27050,,,N,
00074697,Solo numeros,13070                                             ,,S,,
00080543,Empieza con letra,C 28213,,,,
00083059,Empieza con letra,C 271050,,,,
00084987,Empieza con letra,B 7181,,,,
00091891,Empieza con letra,C 3459,,,N,
00102377,Empieza con letra,C 630,,,N,
00104178,Empieza con letra,C 30080,,N,N,
00106890,Empieza con letra,C 21015,,,N,
00109520,Solo numeros,1                                                 ,,,,
00110151,Descripcion vacia,Vacio,,,,
00111941,Empieza con letra,C 24150,,S,S,
00113718,Empieza con letra,C 23041,,S,,
00200048,Solo numeros,321                                                                                                 ,,,,
00200049,Solo numeros,321                                                                                                 ,,,,
00200050,Solo numeros,321                                                                                                 ,,,,
00200051,Solo numeros,32132                                                                                               ,,,,
00200052,Solo numeros,332255                                                                                              ,,,,
00200388,Solo numeros,321321                                                                                              ,,,,
00200390,Solo numeros,32321321                                                                                            ,,,,
00200391,Solo numeros,321321                                                                                              ,,,,
00203863,Solo numeros,1                                                                                                   ,,,,
00204202,Solo numeros,1                                                                                                   ,,,,
00204203,Solo numeros,111                                                                                                 ,,,,
00204528,Solo numeros,0                                                                                                   ,,,,
00204578,Solo numeros,0                                                                                                   ,,,,
00204646,Solo numeros,0                                                                                                   ,,,,
00204724,Solo numeros,1                                                                                                   ,,,,
00204759,Solo numeros,1                                                                                                   ,,,,
