,Descripcion,Codigos donde esta duplicado
0,CUBRE VOLANTE GRIS,00013723 - 00077839
1,RETEN HOMOCINETICA LH TY COROLLA,00070782 - 00110853
2,ROTULA BANDEJA SUPERIOR LH/RH TOYOTA HILUX,00083211 - 00091678
3,RETEN 90 X 110 X 9 TRAS CIG BESTA 2.2/FRONTIER 2.7,00035921 - 00035935
4,CAJA REGULADORA 12V,00043943 - 00080087 - 00080141 - 00080292 - 00080391 - 00081052 - 00082145 - 00085427 - 00086672 - 00087557 - 00097781 - 00097782 - 00098139 - 00099424
5,1,00038988 - 00042667
6,PORTA CARBON ALTERNADOR 12V,00025804 - 00097429
7,EMPAQ CULATA METALICA HYUN ACCENT,00066058 - 00068480
8,ROD 6307 2RS KML,00033531 - 00036760
9,HU 6009Z,00043956 - 00078755
10,MANGUERA FRENO NS,00051114 - 00051115
11,PARACHOQUE TRASERO CROMADO TOYOTA HILUX,00082563 - 00084722
12,LOGO TOYOTA,00008072 - 00078698
13,LOGO MAZDA CROMO,00008056 - 00058027
14,CANDADO,00024926 - 00024927 - 00024930 - 00024933 - 00024934 - 00024935
15,REFRIGERANTE,00200586 - 00200710 - 00200816 - 00202883
16,JGO PASTILLA FRENO HYUNDAI,00089169 - 00093035
17,CADENA DISTRIBUCION NIS V16,00078119 - 00078120
18,PLUMILLA 18 CURVA,00025641 - 00068269
19,FAROL TRASERO LH CHEVROLET SPARK GT,00016675 - 00099964
20,OPTICO RH,00200542 - 00200679 - 00200894
21,PARACHOQUE TRASERO HYUNDAI,00089571 - 00089674
22,OPTICO LH RENAULT CLIO II,00062186 - 00098809
23,CRUCETA TOYO 25X64,00051369 - 00051380
24,CUBRE VOLANTE AZUL CUERINA,00059484 - 00059485
25,FILTRO ACEITE 2GR,00112045 - 00113771
26,OPTICO SIN ANTINIEBLA RH KIA FRONTIER,00075068 - 00075069
27,CUBRE VOLANTE CAMION 16-18 NEGRO,00093897 - 00093899
28,REGULADOR DE FRENO ISUZU,00032168 - 00032169
29,BENDIX,00050183 - 00098504
30,TERMINAL LUCAS C/F HEMBRA 3M AMBAR,00000355 - 00000358
31,PARACHOQUE DELANTERO FUNDA CON MOLDURA TOYOTA HILU,00083028 - 00085371
32,PIOLA EMB SUZ MARUTI,00041208 - 00041504
33,JUEGO PEDALERA SILVER,00001137 - 00036090
34,BOBINA,00001909 - 00200825 - 00201103
35,CAMISA RODAMIENTO 6201,00038589 - 00057677
36,GUIA PARACHOQUE DELANTERO LH PLASTICO,00082405 - 00098205
37,C 2419 KENDALL,00017497 - 00038879
38,BANDEJA SUSPENSION RH INFERIOR COMPLETA CHEVROLET,00093566 - 00093747
39,VOLANTE DEPORT ROJO PU,00026041 - 00036021
40,TERMINAL DIRECC EXT RH/LH HONDA CRV 2.4 02/06,00066011 - 00066033
41,PRENSA EMBRAGUE SUZUKI GRAN NOMADE,00081898 - 00082560
42,POLEA RUEDA LIBRE 28752,00044982 - 00089750
43,BANDEJA INF LH TOY YARIS 06/13,00065371 - 00093515
44,SOPORTE MOTOR TOY TERCEL TW,00032840 - 00032841
45,BOMBA EMBRAGUE NISSAN D22,00079766 - 00080233 - 00099550
46,ROTULA BANDEJA INFERIOR LH/RH TOYOTA HILUX,00082893 - 00087095
47,FAROL TRAS RH TOY HILUX KUN 05/11,00019458 - 00037187 - 00068587
48,KIT,00041143 - 00041146 - 00050500 - 00050501 - 00050549 - 00050550
49,CORREA 6PK1705,00091852 - 00094212
50,RODAMIENTO EMPUJE,00113628 - 00201562
51,RODAMIENTO,00087545 - 00200991 - 00200992
52,HOMOCINETICA L/R LH/RH NIS V16,00058775 - 00058776
53,PARACHOQUE DELANTERO KIA SPORTAGE 0,00093607 - 00093618
54,C 30171 PARTS MALL,00072270 - 00072271
55,RETEN 37X50X6,00023499 - 00026016
56,C 30017,00066952 - 00112123
57,C 16006 KENDALL,00035071 - 00043974
58,FILTRO PETROLEO T60,00007460 - 00008040
59,TERMINAL LH,00200873 - 00201081
60,CORREA LISA 9.5X1060,00025662 - 00057580
61,PEDALERA AZUL,00036087 - 00036088 - 00036091 - 00036093
62,BANDEJA SUSPENSION LH INFERIOR COMPLETA TOYOTA HIL,00081677 - 00092087
63,GOMA ANIL CIL10 FRENO 1.1/8 SEIKEN,00034036 - 00034037
64,GUIA CADENA DISTR HY NEW ACCENT 1.5 CRDI,00051041 - 00051042
65,BRAZO AXIAL SOLO TOY HILUX,00066758 - 00079791 - 00111800
66,PLUMILLA 24 CURVA,00001280 - 00068272
67,JUEGO PISTONES STD,00018840 - 00201039
68,WK 613/3,00005907 - 00096996
69,DISCO FRENO PG BOXER 2.0/2.2/2.5 97- CIT JUMPER,00076002 - 00076003
70,PAST FRENO PP5105 FORD,00029593 - 00051154
71,PARACHOQUE DEL TOY HILUX,00042573 - 00078083 - 00078260
72,SOLENOIDE 24V,00079987 - 00092976 - 00097427
73,FILTRO ACEITE CADENZA,00088116 - 00088146
74,ROD 6305 2RS KML,00036734 - 00036758
75,PORTACARBON 12V,00086431 - 00093198
76,EMPAQUETADURA CARTER HYUNDAI,00082303 - 00099374
77,PARACHOQUE TRAS TY TERCEL 95/97,00049118 - 00050720
78,TUERCA SEG PLAST 1/4 NC,00011121 - 00106176
79,TAPABARRO DELANTERO RH TOYOTA HILUX,00069242 - 00092974
80,BOMBA EMBRAGUE HYUNDAI TUCSON,00086383 - 00086497
81,BOMBA AGUA RENAULT 19/KANGOO,00015419 - 00030181
82,BANDEJA SUSPENSION RH INFERIOR COMPLETA,00083325 - 00088532 - 00088533
83,PATIN FRENO CHEV DMAX 4WD,00019083 - 00064926
84,FAROL PARACHOQUE LH TOYOTA HILUX,00086981 - 00086983
85,ABRAZ INOX 11/16 A 1-1/4,00079640 - 00079650
86,OPTICO TOY KUN,00049262 - 00049263
87,TERMOSTATO HYUN 82.0 54MM H100/L200/300 2551042010,00033162 - 00038370
88,PIOLA FRENO MANO TRAS RENAULT 5 5PTS,00053697 - 00053698
89,LUZ DE FRENO 5 LED 12V,00092152 - 00092153
90,CAPOT TY HILUX KUN,00073443 - 00075584
91,C 2329/1 KENDALL,00017484 - 00040362
92,PASTILLA FRENO,00086101 - 00087828
93,PARACHOQUE KIA RIO 03/05 DELANTERO,00055010 - 00058842
94,VOLANTE DEPORT CARBONO,00026034 - 00036020
95,REPARACION CREMALLERA DIRECCION,00039108 - 00044525
96,ESPEJO PUERTA RH ST80,00079979 - 00079981
97,JUEGO CABLE BUJIA CHEV OPTRA 1.6,00034478 - 00040898
98,MANILLA EXT TRAS LH TOY TERCEL 90/94,00035801 - 00055597
99,CULATA,00200514 - 00201200
100,TERMINAL ACERO INOX,00048373 - 00048374
101,GUIA PARACHOQUE DELANTERO LH PLASTICO TY HILUX,00085985 - 00085988
102,CORREA DISTRIB 163 MR25 HYUN H100/ L200 4D56 DIESE,00037642 - 00037873
103,TUERCA RUE CROM M12 P1.5 HEX 19,00024410 - 00024415
104,CORREA DENTADA A62 12.5X1625,00016489 - 00016843
105,EXTREMO DIRECCION TERMINAL EXT DER MOD BU80/BU83 M,00079900 - 00079901
106,PARACHOQUE DELANTERO HYUNDAI PORTER II,00058152 - 00082259
107,FAROL TRAS RH TOY HILUX,00062293 - 00066711
108,BOMBA AGUA NISS V16,00066820 - 00068034
109,JUEGO CADENA NIEVE ARO,00034222 - 00034225
110,ROD TENSOR CORREA DIST HONDA CIVIC 1.6 93/00,00062324 - 00065530
111,FAROL TRASERO RH TOY HILUX,00017911 - 00044046
112,EMBLEMA TOYOTA,00041974 - 00060815 - 00093037
113,DISCO EMBRAGUE GRAN NOMADE,00014386 - 00081897
114,BOBINA ELECT 4 SALIDAS CIT XSARA,00076790 - 00076791
115,MASCARA GRIS OSCURA TY HILUX KUN,00072954 - 00073469
116,EMBLEMA NISSAN,00013980 - 00013983
117,MANGUERA GASES CITROEN BERLINGO,00085929 - 00085959
118,PARACHOQUE DEL,00202523 - 00203759
119,TAPABARRO DELANTERO LH TOYOTA HILUX,00082514 - 00082778 - 00092973
120,POLEA RUEDA LIBRE,00007553 - 00087558 - 00089749 - 00091907
121,GOLILLA INYECTOR PRESION,00085061 - 00087725
122,EMPAQUETADURA MULTIPLE ESCAPE NISSAN,00018273 - 00097679 - 00099665
123,AMORT CHEV S10/APACHE TRAS RH/LH (GAS),00065783 - 00065834
124,4PK-830,00041232 - 00112227
125,KIT CAZOLETA MAS RODAMIENTO PEUG PARTNER 2012,00065040 - 00080046
126,LETRERO TAXI ROJO,00050983 - 00070382
127,CREMALLERA,00200833 - 00200835
128,PAST FRENO PP1027 HY,00062416 - 00093802
129,GUIA CADENA LATERAL NS TERRANO 2.5 DIESEL 02-,00048481 - 00048482
130,AMPOLLETA H4 P45 24V 75/70W TW,00001454 - 00105076
131,SOPORTE C/CAMBIO TY TERCEL 95/99,00049983 - 00049984
132,MOTOR DE PARTIDA 12V,00073578 - 00080041 - 00082796
133,MALLA XS-2062,00096142 - 00096143
134,BULBO TEMPERATURA 4PTS VW GOLF A4,00051569 - 00051570
135,FAROL PARACHOQUE RH HONDA ACCORD,00074316 - 00087389
136,CONDENSO 0.22 SC-262 SUPER NISSAN,00000295 - 00027024
137,FAROL TRASERO RH TOYOTA HILUX,00085641 - 00091268
138,GUIA PARACHOQUE DELANTERO RH PLASTICO TY HILUX,00074749 - 00085986
139,CORREA 6PK1060,00040446 - 00089167
140,JUEGO PERNO CULATA TOY TERCEL 1.5 95/99,00038898 - 00069588
141,RODAMIENTO EMBRAGUE COMPLETO TOYOTA COROLLA,00086764 - 00086767
142,COLA ESC CROM 2X20 CM,00016217 - 00016218
143,AMORTIGUADOR DELANTERO LH,00087115 - 00200492
144,FAROL TRAS LH KIA PREGIO,00031377 - 00042096
145,LLAVE SACA FILTRO CADENA,00089406 - 00113272
146,CORREA DISTRIB 103 MR25 SUZUKI BALENO 1.6 VITARA S,00030787 - 00040704 - 00041120
147,AMORTIGUADOR PORTALON LH HY H1 08/,00049495 - 00049496
148,TERMINAL DE DIRECCION,00055980 - 00055981
149,FOCO FAENA 14 LED RED 9-33V BLST CORTO HELLA ALC H,00094941 - 00094943
150,INTERRUPTOR ALZA VIDRIO TRAS DER-IZQ HYUNDAI,00091865 - 00091867
151,PASTILLA FRENO AUDI PP2404,00075622 - 00089098
152,BOMBA FRENO CHEVROLET,00012137 - 00097159
153,PARACHOQUE DEL TOY TERCEL,00067520 - 00067698
154,BROCHE C36,00015861 - 00044449
155,RESISTENCIA E/VENTILADOR AIRE ACONDICIONADO PEUGEO,00080286 - 00080287
156,MANO ACOPLE AUTOMATICA SIST.KNORR/WABCO,00086417 - 00086418 - 00086419
157,CORREA 6PK1400,00039511 - 00099199
158,FILTRO ACEITE W713/1 NISSAN V16 93-02/120/130/140/,00080057 - 00080058
159,BROCHE 2327,00015701 - 00044303
160,CORREA 7PK1560,00016682 - 00058905
161,INDUCIDO CITROEN C15,00202982 - 00202983
162,ROTULA INF CHV DMAX 4WD 03/ LUV 87/06 4WD/ TROOPER,00073088 - 00073089
163,CAJA REGULADORA 24V,00017942 - 00091511
164,TAPABARRO DELANTERO LH TOY HILUX,00069245 - 00097157
165,NEBLINERO MZ 323 02/04 LH,00048047 - 00048048
166,RETEN 80X98X10,00023898 - 00023904
167,EMBLEMA GREAT WALL SAFE TRAS / LAT,00025386 - 00025393
168,JGO VALV RENAULT CLIO KANG MEG 1.6,00112865 - 00112866
169,ROTULA,00055978 - 00200874 - 00201129
170,FILTRO ACEITE,00007459 - 00062274
171,PARACHOQUE DELANTERO TOYOTA TERCEL 98-00,00080681 - 00082720
172,CORONA Y PIï¿½ON,00200787 - 00200788
173,JUEGO CADENA AR16 C/TENSOR,00063386 - 00063387
174,TENSOR CADENA DISTRIBUCION NIS V16,00078121 - 00078122
175,"COCO ARRASTRE 2""",00000213 - 00111008
176,REGULADOR 12V AUTOS CHINO,00076044 - 00080354
177,DISPON,00008053 - 00008060 - 00008061 - 00008067 - 00008068 - 00008071 - 00008073
178,MANGUERA INF RADIADOR TY TERCEL EL53,00048293 - 00048296
179,AMPOLLETA 9007 12V 65/55W TW,00000048 - 00100185
180,MAZA,00200521 - 00201336
181,C 3282,00004113 - 00050636
182,VW AMAROK AMORTIGUADOR DEL,00003368 - 00003373
183,BUJE ARRANQ 551 STD,00036799 - 00039044
184,FILTRO BENCINA ESTANQUE TOY YARIS,00018794 - 00064562
185,RETEN 25X35X6,00023309 - 00023310
186,TERMINAL DIR SZ VITARA 92/97,00052734 - 00052735
187,CADENA DISTRIBUCION HY NEW ACCENT CRDI,00051038 - 00051039
188,NEBLINERO RH NISSAN D22 02/14,00045171 - 00045172
189,BOMBA ACEITE FIAT 125,00015206 - 00030094
190,PAST FRENO SPRINTER 515 TRAS PF417GTX,00060965 - 00060966
191,ALTERNADOR 12V,00038761 - 00051491 - 00080143 - 00087682
192,TENSOR,00200713 - 00202981
193,MANILLA INTERIOR HYUNDAI MIGHTY,00087022 - 00087023
194,C 27019,00007102 - 00013364
195,PLUMILLA 22 RECTA UNIPOINT,00053401 - 00060507
196,FILTRO AIRE T60,00007461 - 00007496 - 00008041
197,RADIADOR,00043076 - 00200591 - 00200594 - 00200817 - 00201300
198,CORREA 4PK990,00017026 - 00063606
199,BROCHE 125,00075184 - 00077039
200,PORTALON CON MANILLA CENTRAL TOYOTA HILUX,00089854 - 00093261
201,CABLE F/ MANO TY HILUX 2800 GUN 126,00092279 - 00092280
202,PARACHO DELANTERO,00200793 - 00200951
203,FILTRO,00008100 - 00112011
204,LOGO TOYOTA CROMO,00008066 - 00008069 - 00008070
205,TUERCA HEX INOX 5/8,00011089 - 00100325
206,BIELETA BARRA ESTABILIZADORA DELANTERA LH,00080439 - 00080585
207,TAPABARRO LH TOY NEW YARIS SEDAN 06-10,00037194 - 00037195
208,REPARACION BENDIX,00028720 - 00032232 - 00064493
209,EMPAQUETADURA MOTOR MAZDA ARTIS,00011742 - 00014599
210,PAST FRENO PP2755 TOY HILUX,00029852 - 00081347
211,RETEN 42X60X7 DEL CIG TOY HILUX 3.0 02/05,00066388 - 00066389
212,PARACHOQUE DELANTERO TOYOTA HILUX,00080918 - 00091538
213,PORTA CARBON ARRANQ 12V,00038081 - 00038350
214,ABRAZADERA MANG INOX 84-108 MM # 60,00012807 - 00012808
215,PINTURA SPRAY,00063682 - 00063684 - 00063686 - 00064214
216,SOLENOIDE 12V,00002283 - 00002784 - 00008120 - 00079988 - 00080139 - 00080142 - 00081723 - 00081724 - 00081725 - 00084022 - 00084164 - 00086570 - 00087743 - 00092684 - 00098140 - 00111851
217,EMBLEMA CORSA,00013873 - 00060810
218,EMPAQ CULATA RENAULT KANGOO,00066539 - 00068205
219,TUERCA RUEDA 14 X 1.5 HEX KIA CERES 4WD,00058619 - 00058620
220,PASTILLA FRENO CHRYSLER PP1729,00072844 - 00092096
221,JGO PERNO SEGURIDAD M12 P 1.5,00077483 - 00077487
222,FILTRO ACEITE CHEVROLET D-MAX,00068217 - 00084268
223,PRENSA EMB CHEV SAIL,00062906 - 00063543
224,FILTRO AIRE AVV50,00112046 - 00113772
225,MANILLA EXT RH SUZ VITARA,00039339 - 00070168
226,FILTRO AIRE VW GOLF A3,00041731 - 00050095
227,REPARACION INDUCIDO,00073136 - 00073278
228,PINON EJE LEVA TY YARIS,00051945 - 00051946
229,JUEGO CABLE BUJIA HY EON,00035428 - 00093909
230,POLEA RUEDA LIBRE OAP,00081102 - 00081354 - 00097428
231,INTERRUP LUZ INT M.BENZ MARILIA,00027452 - 00027453
232,BUJIA NGK DR8EA,00036473 - 00103130
233,TAPA VALVULA HS 4PZS,00048952 - 00048953
234,"CATALITICO UNIV 2"" OVALADO D/C USA",00016182 - 00044776
235,ROTULA INF NISS 39 MM V16/SENTRA II,00032571 - 00035436
236,REJILLA PARACHOQUE DEL SZ SWIFT 05-,00071967 - 00071968
237,CORREA 4PK920,00017009 - 00089908
238,SACO ARPILLERA,00042251 - 00102207
239,MODULO ENCENDIDO,00074674 - 00081866 - 00081996 - 00089751 - 00089753
240,PAST FRENO 206 PP5016 FORD/KIA,00052655 - 00053190
241,FAROL ESQ LH NISS V16 93/99 BLANCO LISO,00035714 - 00061588
242,BOMBA AGUA TOY GWT-96A HILUX 2RZFE/3RZFE,00048457 - 00059719
243,CORREA 5PK1425,00088975 - 00094209
244,KIT AJUSTE,00200548 - 00200550
245,WK 920/1,00005979 - 00045173
246,GOMA BARRA ESTAB NISSAN TERRANO,00031685 - 00064576
247,DISCO FRENO,00113840 - 00201457 - 00201534
248,FAROL TRASERO LH ACTYON SPORT,00080661 - 00093313
249,EMBLEMA DIESEL,00013906 - 00013907
250,PATIN FRENO TOY YARIS 99-2005 SEDAN/SPORT,00035983 - 00035993
251,OPTICO RH TOYOTA YARIS,00063433 - 00084246
252,FILTRO DE ACEITE,00018125 - 00112201
253,PASTILLA FRENO NISSAN PP773,00072881 - 00076955
254,DISCO FRENO RENAULT LOGAN/SANDERO/SYMBOL,00034297 - 00093375
255,VALVULA EGR RECIRCULADORA GASES CITROEN BERLINGO,00085088 - 00085950
256,PATIN FRENO SAMSUNG SM3,00057699 - 00061842
257,PARACHOQUE,00200675 - 00200885
258,EMBLEMA NISSAN SENTRA,00013990 - 00060802
259,TUBO RECEPTOR PARA ENGANCHE,00008101 - 00094005
260,DISCO FRENO DELANTERO VENTILADO CITROEN BERLINGO,00073023 - 00092554
261,PASTILLA FRENO NISSAN,00088708 - 00098688
262,PLUMILLA UNIT EXCEL,00080106 - 00080107
263,CORREA 4PK1090,00062646 - 00088943
264,LLAVE SACA FILTRO CADENA TW,00000219 - 00035710
265,AMORTIGUADOR DEL RH HY ACCENT 94/99,00049335 - 00052199
266,C 2500 KENDALL,00061089 - 00071793
267,ESPEJO PUERTA NEGRO LH TOYOTA HILUX,00080280 - 00082167
268,BUJIA 3 ELECTRODOS VW GOLF A3,00040886 - 00042371
269,LUZ DESTELLANTE BLANCO,00066160 - 00066166
270,MANILLA PUERTA EXT DEL RH HY H100 93-,00076311 - 00076314
271,MANILLA INTERIOR HYUNDAI H-100,00087020 - 00087021
272,FAROL TRAS LH TOY HILUX KUN 05/11,00019459 - 00037186
273,BOMBA AGUA RENAULT LAGUNA,00018430 - 00079854
274,FAROL TRAS RH TOY HILUX 16/,00043498 - 00079831
275,MASCARA CROMADA TOY HILUX,00006939 - 00068727
276,PAST FRENO PP5121 FORD EXPLORER,00029592 - 00090805
277,CAPOT CON TOMA AIRE TURBO TOYOTA HILUX,00060411 - 00087359
278,BOBINA PEUGEOT 206 2.0,00079702 - 00079703
279,CAJA REGULADORA,00096874 - 00200649 - 00203567
280,KIT DISTRIBUCION COMPLETO  AMAROK,00091341 - 00091342
281,MASCARA TY TERCEL 98/99,00049135 - 00050000
282,BOMBA AGUA CITROEN BERLINGO,00054594 - 00082911 - 00084787
283,FILTRO AIRE,00082500 - 00098305
284,BROCHE C266,00015712 - 00074678
285,RECOGEDOR ACEITE USADO 70LTS SAMOA,00067039 - 00075338
286,TERMINAL DIR PEU 208 1400 12/15 DEL EXT,00113059 - 00113060
287,CAPOT,00200543 - 00200677 - 00200863
288,AMORTIGUADOR DELANTERO LH HIDRAULICO PEUGEOT 306XN,00080236 - 00080237
289,PLACA DIODO,00001574 - 00001575 - 00001577 - 00080140 - 00082230 - 00086405 - 00086569 - 00092144 - 00092468 - 00096873 - 00099426 - 00099427 - 00111970 - 00202402
290,EMPAQ CULATA TOY HILUX 4Y,00041493 - 00077210
291,KIT MOTOR,00200595 - 00200603 - 00200605 - 00200724 - 00201006 - 00201033 - 00202241
292,FLASHER 12V 3P,00036840 - 00042017
293,CAZOLETA AMORTIGUADOR DELANTERO CHEVROLET SAIL,00088115 - 00093748
294,CORREA 4PK935,00017013 - 00098038
295,MANILLA PUERTA INTERIOR DELANTERA Y TRAS HYUNDAI E,00084389 - 00084390
296,EMPAQUETADURA JUEGO COMPLETO TOY HILUX 2.4,00080813 - 00080814
297,PAST FRENO 185 PP1009 HY H100D,00029627 - 00049572
298,TAMBOR FRENO TOY HILUX,00002672 - 00097949
299,PAST FRENO 767 PP1543 MAZDA/FORD,00071353 - 00072572
300,CAPOT TOYOTA HILUX,00057729 - 00083654
301,PAST FRENO PP5108 FORD EXPLORER,00020333 - 00029571
302,GOMA PUNTA B/ESTAB FIAT FIORINO 89/95,00048571 - 00048573
303,OPTICO LH,00200678 - 00200893 - 00201080
304,TERMINAL LUCAS C/F MACHO 3M AMBAR,00000354 - 00000357
305,MANILLA PUERTA INTERIOR DELANTERA Y TRAS HYUNDAI A,00082042 - 00085097
306,EMBLEMA SUZUKI,00014046 - 00060812
307,TERMOSTATO CHEV LUV,00066886 - 00085438
308,FILTRO POLEN TOYOTA HILUX KUN VIGO,00080437 - 00087868
309,TAPA RADIADOR 16LBS P,00054589 - 00054697
310,BRAZO AXIAL SOLO SZ ALTO 06/13,00054413 - 00078735
311,ITEM CREADO POR EL ACTUALIZADOR,00095483 - 00096660
312,TERMOSTATO CHEVROLET SPARK,00068248 - 00099394
313,ESPEJO PUERTA NEGRO RH TOYOTA HILUX,00080279 - 00082166
314,PAST FRENO DELANT MAZDA 3 15/19,00029633 - 00076907
315,EMP CULATA,00200510 - 00200610 - 00200756 - 00201058
316,EMP MOTOR,00200812 - 00200815
317,PIOLA FRENO MANO TOY HILUX 3000 KUN 26,00014566 - 00032239
318,RELAY 12V 4P LUCES TOY TW,00028696 - 00028701
319,DISCO FRENO DELANTERO VENTILADO TOYOTA HILUX,00084561 - 00091266
320,TERMINAL DIRECCION NISSAN,00055971 - 00055972 - 00055973
321,CORREA 7PK990,00082224 - 00098122
322,PIOLA CUENTA KILOMETROS TOYOTA HILUX,00084942 - 00084943
323,REGULADOR 12V,00078782 - 00079488 - 00080355 - 00081606 - 00081825 - 00082068 - 00082416 - 00085314 - 00089752 - 00097780
324,METAL BIELA,00200701 - 00200758
325,PORTA CARBON 12V,00044048 - 00056361 - 00084167 - 00086968 - 00087717
326,AMORTIGUADOR DELANTERO RH GAS PEUGEOT 208,00082970 - 00087893
327,GOLILLA PLANA INOX 1/4,00011319 - 00067646
328,BULBO FRENO PEDAL HY ACCENT 06/,00053400 - 00077288
329,PAST FRENO PP776 NISS NP300,00016773 - 00027426
330,TERMINAL DIR RH PEUG 308,00035717 - 00054676
331,KIT EMB SUB LEGACY 1.8/2.0/2.2,00042012 - 00063167
332,BANDEJA INF RH TOY TERCEL 2E/3EE/5EFE 90/97,00049125 - 00049126
333,BRAZO AUX TOY HILUX 2.4 2RZFE 4WD,00052845 - 00052846
334,HU 613X,00048849 - 00112116
335,SET AMP LED 12V 21/5W 2PZA,00007172 - 00007173
336,PASTILLA FRENO MERCEDES  PP1657,00014440 - 00014442
337,MANILLA EXT DELANT RH SUZ SWIFT 84/96,00048965 - 00048966
338,AMORT DEL RH CHEV CORSICA 87/91,00041840 - 00041841
339,INTERRUP PALANCA 3 POS METAL,00000104 - 00056284
340,BANDEJA SUSPENSION RH INFERIOR COMPLETA HONDA CIVI,00084290 - 00085192
341,WK 842/18,00005965 - 00049845
342,SOPORTE MOTOR RH SUZUKI ALTO 06-13,00081793 - 00083259
343,REPARACION INDUCIDO 12V,00032272 - 00044691
344,ESPEJO PUNTO CIEGO,00062938 - 00064934
345,AMORTIGUADOR PORTALON HYUN H1 2.5 05/08,00015945 - 00015959
346,CORREA 6PK1715,00017194 - 00098539
347,PARACHOQUE TRAS NEGRO TOY HILUX,00018552 - 00069176
348,COLA ESC CROM NORMAL 1.3/4X15 CM,00016212 - 00016214
349,FAROL LATERAL 10 LED BI-VOL 100 MM CORBATA STROBO,00056249 - 00058035
